group,nl_class,n_pixels,share_occupied
Animalia,unlit,3222586,4.4994920228661084e-05
Animalia,Q1,72342,0.0001797019711923917
Animalia,Q2,72342,0.00046998977081087056
Animalia,Q3,72342,0.0006082220563434795
Animalia,Q4,72342,0.0013408531696663072
Animalia,Q5,72343,0.008846743983522939
Plantae,unlit,3222586,0.0002743138584974924
Plantae,Q1,72342,0.0007879240275358713
Plantae,Q2,72342,0.001797019711923917
Plantae,Q3,72342,0.0037875646235934865
Plantae,Q4,72342,0.007519836332973929
Plantae,Q5,72343,0.035428445046514524
Combined,unlit,3222586,0.00031589537098466883
Combined,Q1,72342,0.000953802770175002
Combined,Q2,72342,0.0021840701114152223
Combined,Q3,72342,0.0042575543944043575
Combined,Q4,72342,0.008763926902767411
Combined,Q5,72343,0.042892885282612
