group,measure,quantile,intercept,slope,slope_ci_low,slope_ci_high
Animalia,individuals,0.1,1.0000000557844158,2.1699984857120477e-07,-0.024659042047384075,0.02465947604708122
Animalia,individuals,0.25,1.0000002090679503,2.6602874481970245e-06,-0.02329325744939273,0.023298578024289127
Animalia,individuals,0.5,3.000000189981075,0.0626949129141697,0.034975593200353,0.09041423262798641
Animalia,individuals,0.75,17.367072337226734,0.2874531726154781,0.12491243037790795,0.44999391485304824
Animalia,individuals,0.9,76.7487509441099,0.47238889350584895,-0.6023110242574872,1.547088811269185
Plantae,individuals,0.1,0.999999748085187,6.616361507265035e-08,-0.00036142211358951965,0.000361554440819665
Plantae,individuals,0.25,0.9999967858186081,1.1472204199782132e-06,-0.00082303278371392,0.0008253272245538764
Plantae,individuals,0.5,1.9874262952279522,0.00198506618983485,0.00019451346953577842,0.003775618910133921
Plantae,individuals,0.75,44.808358754273485,0.003640026975106438,-0.013525409354635316,0.02080546330484819
Plantae,individuals,0.9,232.08101644967462,-0.023372276287718288,-1.301915584479116,1.2551710319036795
Combined,individuals,0.1,0.9999998525129585,5.194474570126383e-08,-0.00029462041703790036,0.00029472430652930287
Combined,individuals,0.25,0.9999963360009653,1.6072803868920731e-06,-0.0006563598896537202,0.0006595744504275042
Combined,individuals,0.5,1.999999400715543,0.001986252192018772,0.0005429800700028967,0.003429524314034647
Combined,individuals,0.75,34.99999798454063,0.03972959073263078,0.006735441335986143,0.0727237401292754
Combined,individuals,0.9,200.75395903251723,-0.01991989438914626,-0.02993715876719756,-0.00990263001109496
